nama_kolom,deskripsi,tipe_data,skala_pengukuran,satuan,contoh_nilai,nilai_kosong,sumber,kategori_data_pribadi,tindakan_penanganan,catatan
Marital status,Status pernikahan mahasiswa saat mendaftar,int,nominal,-,"1, 2, 4",0,Formulir pendaftaran,data pribadi,pertahankan,
Application mode,Jalur pendaftaran yang digunakan mahasiswa,int,nominal,-,"8, 6, 1",0,Formulir pendaftaran,bukan data pribadi,pertahankan,
Application order,Urutan pilihan program studi saat mendaftar,int,ordinal,-,"5, 1, 2",0,Formulir pendaftaran,bukan data pribadi,pertahankan,
Course,Program studi yang diambil oleh mahasiswa,int,nominal,-,"2, 11, 5",0,Sistem Akademik,bukan data pribadi,pertahankan,
Daytime/evening attendance,Waktu perkuliahan (reguler pagi/siang atau kelas malam),int,nominal,-,"1, 0",0,Sistem Akademik,bukan data pribadi,pertahankan,
Previous qualification,Tingkat pendidikan terakhir sebelum mendaftar,int,ordinal,-,"1, 12, 16",0,Formulir pendaftaran,bukan data pribadi,pertahankan,
Nacionality,Kewarganegaraan mahasiswa,int,nominal,-,"1, 15, 3",0,Formulir pendaftaran,data pribadi,pertahankan,
Mother's qualification,Tingkat pendidikan terakhir ibu mahasiswa,int,ordinal,-,"13, 1, 22",0,Formulir pendaftaran,data pribadi,pertahankan,
Father's qualification,Tingkat pendidikan terakhir ayah mahasiswa,int,ordinal,-,"10, 3, 27",0,Formulir pendaftaran,data pribadi,pertahankan,
Mother's occupation,Pekerjaan ibu mahasiswa,int,nominal,-,"6, 4, 10",0,Formulir pendaftaran,data pribadi,pertahankan,
Father's occupation,Pekerjaan ayah mahasiswa,int,nominal,-,"10, 4, 8",0,Formulir pendaftaran,data pribadi,pertahankan,
Displaced,Status mahasiswa perantau (tinggal jauh dari rumah asal),int,nominal,-,"1, 0",0,Formulir pendaftaran,data pribadi,pertahankan,
Educational special needs,Status kebutuhan pendidikan khusus (disabilitas),int,nominal,-,"0, 1",0,Formulir pendaftaran,data pribadi sensitif,hapus,
Debtor,Status apakah mahasiswa memiliki tunggakan/utang,int,nominal,-,"0, 1",0,Biro Keuangan Kampus,data pribadi sensitif,pertahankan,
Tuition fees up to date,Status kelancaran pembayaran SPP mahasiswa,int,nominal,-,"1, 0",0,Biro Keuangan Kampus,data pribadi,pertahankan,
Gender,Jenis kelamin mahasiswa,int,nominal,-,"1, 0",0,Formulir pendaftaran,data pribadi,pertahankan,
Scholarship holder,Status penerima beasiswa,int,nominal,-,"0, 1",0,Biro Keuangan Kampus,data pribadi,pertahankan,
Age at enrollment,Usia mahasiswa pada saat pendaftaran awal,int,rasio,tahun,"20, 19, 45",0,Formulir pendaftaran,data pribadi,generalisasi (rentang),
International,Status mahasiswa internasional (WNA),int,nominal,-,"0, 1",0,Formulir pendaftaran,data pribadi,pertahankan,
Curricular units 1st sem (credited),Jumlah SKS yang diakui di semester 1,int,rasio,SKS,"0, 2, 3",0,Sistem Akademik,bukan data pribadi,pertahankan,
Curricular units 1st sem (enrolled),Jumlah SKS yang diambil di semester 1,int,rasio,SKS,"0, 6, 5",0,Sistem Akademik,bukan data pribadi,pertahankan,
Curricular units 1st sem (evaluations),Jumlah evaluasi/ujian yang diikuti di semester 1,int,rasio,ujian,"0, 6, 8",0,Sistem Akademik,bukan data pribadi,pertahankan,
Curricular units 1st sem (approved),Jumlah SKS yang lulus di semester 1,int,rasio,SKS,"0, 6, 5",0,Sistem Akademik,bukan data pribadi,pertahankan,
Curricular units 1st sem (grade),Rata-rata nilai akademik semester 1,float,rasio,indeks nilai,"0.0, 14.0, 13.428571428571429",0,Sistem Akademik,bukan data pribadi,pertahankan,
Curricular units 1st sem (without evaluations),Jumlah mata kuliah tanpa evaluasi di semester 1,int,rasio,mata kuliah,"0, 1, 2",0,Sistem Akademik,bukan data pribadi,pertahankan,
Curricular units 2nd sem (credited),Jumlah SKS yang diakui di semester 2,int,rasio,SKS,"0, 1, 2",0,Sistem Akademik,bukan data pribadi,pertahankan,
Curricular units 2nd sem (enrolled),Jumlah SKS yang diambil di semester 2,int,rasio,SKS,"0, 6, 5",0,Sistem Akademik,bukan data pribadi,pertahankan,
Curricular units 2nd sem (evaluations),Jumlah evaluasi/ujian yang diikuti di semester 2,int,rasio,ujian,"0, 6, 10",0,Sistem Akademik,bukan data pribadi,pertahankan,
Curricular units 2nd sem (approved),Jumlah SKS yang lulus di semester 2,int,rasio,SKS,"0, 6, 5",0,Sistem Akademik,bukan data pribadi,pertahankan,
Curricular units 2nd sem (grade),Rata-rata nilai akademik semester 2,float,rasio,indeks nilai,"0.0, 13.666666666666666, 12.4",0,Sistem Akademik,bukan data pribadi,pertahankan,
Curricular units 2nd sem (without evaluations),Jumlah mata kuliah tanpa evaluasi di semester 2,int,rasio,mata kuliah,"0, 5, 2",0,Sistem Akademik,bukan data pribadi,pertahankan,
Unemployment rate,Tingkat pengangguran nasional pada tahun berjalan,float,rasio,%,"10.8, 13.9, 9.4",0,Data makroekonomi,bukan data pribadi,pertahankan,
Inflation rate,Tingkat inflasi ekonomi pada tahun mahasiswa berkuliah,float,rasio,%,"1.4, -0.3, -0.8",0,Data makroekonomi,bukan data pribadi,pertahankan,
GDP,Produk Domestik Bruto (GDP) nasional pada tahun berjalan,float,rasio,%,"1.74, 0.79, -3.12",0,Data makroekonomi,bukan data pribadi,pertahankan,
Target,"Status akhir mahasiswa (Dropout, Graduate, Enrolled)",string,nominal,-,"Dropout, Graduate, Enrolled",0,Sistem Akademik,bukan data pribadi,pertahankan,
